ALL,PML,MYE,LYM,CML
7.1835,7.11836,7.55379,7.3758,7.16879
7.19263,7.23998,7.60075,7.42104,7.11564
7.2657,7.26544,7.4909,7.30891,7.12803